{"0": [59, 37.516707223594466, 0], "1": [59, 29.178880974514026, 42], "2": [51, 40.727105396409456, 41]}